{"cameraMode":{"drawMode":0,"name":"Shaded","section":"Shading Mode"},"sceneLighting":true,"audioPlay":false,"sceneViewState":{"showFog":false,"showMaterialUpdate":false,"showSkybox":true,"showFlares":true,"showImageEffects":true,"showParticleSystems":true},"in2DMode":false,"pivot":{"x":-12.934041976928711,"y":-32.031036376953128,"z":222.1705322265625},"rotation":{"x":0.07645685225725174,"y":-0.024668343365192415,"z":0.0020064308773726227,"w":0.9975317716598511},"size":119.36827850341797,"orthographic":false}