{"cameraMode":{"drawMode":0,"name":"Shaded","section":"Shading Mode"},"sceneLighting":true,"audioPlay":false,"sceneViewState":{"showFog":false,"showMaterialUpdate":false,"showSkybox":true,"showFlares":true,"showImageEffects":true,"showParticleSystems":true},"in2DMode":false,"pivot":{"x":0.9723590016365051,"y":2.257836103439331,"z":1.9872100353240967},"rotation":{"x":0.11282835155725479,"y":0.2800517678260803,"z":-0.030317198485136033,"w":0.9534516930580139},"size":5.805249214172363,"orthographic":false}