{"cameraMode":{"drawMode":0,"name":"Shaded","section":"Shading Mode"},"sceneLighting":true,"audioPlay":false,"sceneViewState":{"showFog":false,"showMaterialUpdate":false,"showSkybox":true,"showFlares":true,"showImageEffects":true,"showParticleSystems":true},"in2DMode":false,"pivot":{"x":-1.4359729290008546,"y":0.8192605972290039,"z":24.762189865112306},"rotation":{"x":0.07181335985660553,"y":0.08007678389549256,"z":-0.005155239719897509,"w":0.9949901103973389},"size":18.331275939941408,"orthographic":false}