{"cameraMode":{"drawMode":0,"name":"Shaded","section":"Shading Mode"},"sceneLighting":false,"audioPlay":false,"sceneViewState":{"showFog":false,"showMaterialUpdate":false,"showSkybox":false,"showFlares":true,"showImageEffects":true,"showParticleSystems":true},"in2DMode":false,"pivot":{"x":2.7230000495910646,"y":0.8099998831748962,"z":7.450580596923828e-9},"rotation":{"x":0.07645685225725174,"y":-0.024668343365192415,"z":0.0020064308773726227,"w":0.9975317716598511},"size":0.593475341796875,"orthographic":false}