{"cameraMode":{"drawMode":0,"name":"Shaded","section":"Shading Mode"},"sceneLighting":false,"audioPlay":false,"sceneViewState":{"showFog":false,"showMaterialUpdate":false,"showSkybox":false,"showFlares":true,"showImageEffects":true,"showParticleSystems":true},"in2DMode":false,"pivot":{"x":0.7584679126739502,"y":1.723286509513855,"z":1.2211591005325318},"rotation":{"x":0.022142352536320688,"y":0.9429619312286377,"z":-0.054237328469753268,"w":0.32988518476486208},"size":2.914452075958252,"orthographic":false}