{"cameraMode":{"drawMode":0,"name":"Shaded","section":"Shading Mode"},"sceneLighting":false,"audioPlay":false,"sceneViewState":{"showFog":false,"showMaterialUpdate":false,"showSkybox":false,"showFlares":true,"showImageEffects":true,"showParticleSystems":true},"in2DMode":false,"pivot":{"x":1.2772984504699708,"y":0.6471481323242188,"z":-1.6579256057739258},"rotation":{"x":0.07905905693769455,"y":0.6611583828926086,"z":-0.06889230012893677,"w":0.7435586452484131},"size":0.9674669504165649,"orthographic":false}