{"cameraMode":{"drawMode":0,"name":"Shaded","section":"Shading Mode"},"sceneLighting":false,"audioPlay":false,"sceneViewState":{"showFog":false,"showMaterialUpdate":false,"showSkybox":false,"showFlares":true,"showImageEffects":true,"showParticleSystems":true},"in2DMode":false,"pivot":{"x":0.3660593628883362,"y":17.199481964111329,"z":-30.50438690185547},"rotation":{"x":0.007231425493955612,"y":0.9945957064628601,"z":-0.04601965844631195,"w":0.09860169142484665},"size":7.095861434936523,"orthographic":false}