{"cameraMode":{"drawMode":0,"name":"Shaded","section":"Shading Mode"},"sceneLighting":false,"audioPlay":false,"sceneViewState":{"showFog":false,"showMaterialUpdate":false,"showSkybox":false,"showFlares":true,"showImageEffects":true,"showParticleSystems":true},"in2DMode":false,"pivot":{"x":0.20638024806976319,"y":1.164811372756958,"z":4.833032131195068},"rotation":{"x":0.07645685225725174,"y":-0.024668343365192415,"z":0.0020064308773726227,"w":0.9975317716598511},"size":2.0560336112976076,"orthographic":false}