{"cameraMode":{"drawMode":0,"name":"Shaded","section":"Shading Mode"},"sceneLighting":false,"audioPlay":false,"sceneViewState":{"showFog":false,"showMaterialUpdate":false,"showSkybox":false,"showFlares":true,"showImageEffects":true,"showParticleSystems":true},"in2DMode":false,"pivot":{"x":115.10000610351563,"y":391.8999938964844,"z":0.0},"rotation":{"x":0.07645685225725174,"y":-0.024668343365192415,"z":0.0020064308773726227,"w":0.9975317716598511},"size":103.07764434814453,"orthographic":false}