{"cameraMode":{"drawMode":0,"name":"Shaded","section":"Shading Mode"},"sceneLighting":false,"audioPlay":false,"sceneViewState":{"showFog":false,"showMaterialUpdate":false,"showSkybox":false,"showFlares":true,"showImageEffects":true,"showParticleSystems":true},"in2DMode":false,"pivot":{"x":-2.9157395362854006,"y":3.6307477951049806,"z":-0.3375006914138794},"rotation":{"x":-0.09969822317361832,"y":-0.8684163689613342,"z":0.18819233775138856,"w":-0.4488467276096344},"size":7.861411094665527,"orthographic":false}