{"cameraMode":{"drawMode":0,"name":"Shaded","section":"Shading Mode"},"sceneLighting":true,"audioPlay":false,"sceneViewState":{"showFog":false,"showMaterialUpdate":false,"showSkybox":true,"showFlares":true,"showImageEffects":true,"showParticleSystems":true},"in2DMode":false,"pivot":{"x":-1.4359729290008546,"y":0.8192605972290039,"z":24.762189865112306},"rotation":{"x":0.04498738795518875,"y":-0.0322137251496315,"z":0.0017586834728717805,"w":0.9992667436599731},"size":15.715816497802735,"orthographic":false}