{"cameraMode":{"drawMode":0,"name":"Shaded","section":"Shading Mode"},"sceneLighting":true,"audioPlay":false,"sceneViewState":{"showFog":false,"showMaterialUpdate":false,"showSkybox":false,"showFlares":true,"showImageEffects":true,"showParticleSystems":true},"in2DMode":false,"pivot":{"x":3.6937315464019777,"y":1.5829684734344483,"z":2.035963535308838},"rotation":{"x":0.11485818773508072,"y":0.5393469333648682,"z":-0.07310501486063004,"w":0.8316175937652588},"size":6.043707847595215,"orthographic":false}