{"cameraMode":{"drawMode":0,"name":"Shaded","section":"Shading Mode"},"sceneLighting":false,"audioPlay":false,"sceneViewState":{"showFog":false,"showMaterialUpdate":false,"showSkybox":false,"showFlares":true,"showImageEffects":true,"showParticleSystems":true},"in2DMode":false,"pivot":{"x":-11.710119247436524,"y":14.950254440307618,"z":-25.606985092163087},"rotation":{"x":0.002754793968051672,"y":0.9993998408317566,"z":0.04800404608249664,"w":-0.0014328008983284236},"size":0.8660253882408142,"orthographic":false}