{"cameraMode":{"drawMode":0,"name":"Shaded","section":"Shading Mode"},"sceneLighting":false,"audioPlay":false,"sceneViewState":{"showFog":false,"showMaterialUpdate":false,"showSkybox":false,"showFlares":true,"showImageEffects":true,"showParticleSystems":true},"in2DMode":false,"pivot":{"x":3.8477113246917726,"y":3.6307475566864015,"z":-0.18530035018920899},"rotation":{"x":-0.12781834602355958,"y":-0.8518984913825989,"z":0.2375522255897522,"w":-0.4499618113040924},"size":4.388154029846191,"orthographic":false}